{
	"AlgoMap255BrLevel": {
		"sectionone": [0.006667,1.993],
		"sectiontwo": [0.05034,-194.6],
		"sectionthree": [0.01709262575,32.94969884],
		"sectionkeypoint": [4501,6848]
	},
	"LcmMapAlgoBrLevel": [
		[1,1],
		[2,76],
		[3,226],
		[4,376],
		[5,526],
		[6,676],
		[7,826],
		[8,976],
		[9,1125],
		[10,1275],
		[11,1425],
		[12,1575],
		[13,1725],
		[14,1875],
		[15,2025],
		[16,2175],
		[17,2325],
		[18,2475],
		[19,2625],
		[20,2775],
		[21,2925],
		[22,3075],
		[23,3225],
		[24,3375],
		[25,3525],
		[26,3675],
		[27,3825],
		[28,3975],
		[29,4125],
		[30,4275],
		[31,4425],
		[32,4511],
		[33,4531],
		[34,4551],
		[35,4570],
		[36,4590],
		[37,4610],
		[38,4630],
		[39,4650],
		[40,4670],
		[41,4690],
		[42,4710],
		[43,4729],
		[44,4749],
		[45,4769],
		[46,4789],
		[47,4809],
		[48,4829],
		[49,4849],
		[50,4868],
		[51,4888],
		[52,4908],
		[53,4928],
		[54,4948],
		[55,4968],
		[56,4988],
		[57,5008],
		[58,5027],
		[59,5047],
		[60,5067],
		[61,5087],
		[62,5107],
		[63,5127],
		[64,5147],
		[65,5166],
		[66,5186],
		[67,5206],
		[68,5226],
		[69,5246],
		[70,5266],
		[71,5286],
		[72,5305],
		[73,5325],
		[74,5345],
		[75,5365],
		[76,5385],
		[77,5405],
		[78,5425],
		[79,5445],
		[80,5464],
		[81,5484],
		[82,5504],
		[83,5524],
		[84,5544],
		[85,5564],
		[86,5584],
		[87,5603],
		[88,5623],
		[89,5643],
		[90,5663],
		[91,5683],
		[92,5703],
		[93,5723],
		[94,5743],
		[95,5762],
		[96,5782],
		[97,5802],
		[98,5822],
		[99,5842],
		[100,5862],
		[101,5882],
		[102,5901],
		[103,5921],
		[104,5941],
		[105,5961],
		[106,5981],
		[107,6001],
		[108,6021],
		[109,6040],
		[110,6060],
		[111,6080],
		[112,6100],
		[113,6120],
		[114,6140],
		[115,6160],
		[116,6180],
		[117,6199],
		[118,6219],
		[119,6239],
		[120,6259],
		[121,6279],
		[122,6299],
		[123,6319],
		[124,6338],
		[125,6358],
		[126,6378],
		[127,6398],
		[128,6418],
		[129,6438],
		[130,6458],
		[131,6478],
		[132,6497],
		[133,6517],
		[134,6537],
		[135,6557],
		[136,6577],
		[137,6597],
		[138,6617],
		[139,6636],
		[140,6656],
		[141,6676],
		[142,6696],
		[143,6716],
		[144,6736],
		[145,6756],
		[146,6775],
		[147,6795],
		[148,6815],
		[149,6835],
		[150,6876],
		[151,6936],
		[152,6994],
		[153,7053],
		[154,7111],
		[155,7170],
		[156,7228],
		[157,7287],
		[158,7345],
		[159,7404],
		[160,7462],
		[161,7521],
		[162,7579],
		[163,7638],
		[164,7696],
		[165,7755],
		[166,7813],
		[167,7872],
		[168,7930],
		[169,7989],
		[170,8047],
		[171,8106],
		[172,8164],
		[173,8223],
		[174,8281],
		[175,8340],
		[176,8398],
		[177,8457],
		[178,8515],
		[179,8574],
		[180,8632],
		[181,8691],
		[182,8749],
		[183,8808],
		[184,8866],
		[185,8925],
		[186,8983],
		[187,9042],
		[188,9100],
		[189,9159],
		[190,9217],
		[191,9276],
		[192,9334],
		[193,9393],
		[194,9451],
		[195,9510],
		[196,9568],
		[197,9627],
		[198,9685],
		[199,9744],
		[200,9802],
		[201,9861],
		[202,9919],
		[203,9978],
		[204,10036],
		[205,10095],
		[206,10153],
		[207,10212],
		[208,10270],
		[209,10329],
		[210,10387],
		[211,10446],
		[212,10504],
		[213,10563],
		[214,10621],
		[215,10680],
		[216,10738],
		[217,10797],
		[218,10855],
		[219,10914],
		[220,10972],
		[221,11031],
		[222,11089],
		[223,11148],
		[224,11206],
		[225,11265],
		[226,11323],
		[227,11382],
		[228,11440],
		[229,11499],
		[230,11557],
		[231,11616],
		[232,11674],
		[233,11733],
		[234,11791],
		[235,11850],
		[236,11908],
		[237,11967],
		[238,12025],
		[239,12084],
		[240,12142],
		[241,12201],
		[242,12259],
		[243,12318],
		[244,12376],
		[245,12435],
		[246,12493],
		[247,12552],
		[248,12610],
		[249,12669],
		[250,12727],
		[251,12786],
		[252,12844],
		[253,12903],
		[254,12961],
		[255,12991]
	]
}
