{
	"AlgoMap255BrLevel": {
		"sectionone": [0.006667,1.993],
		"sectiontwo": [0.05034,-194.6],
		"sectionthree": [0.01626646011,38.60728118],
		"sectionkeypoint": [4501,6848]
	},
	"LcmMapAlgoBrLevel": [
		[1,1],
		[2,76],
		[3,226],
		[4,376],
		[5,526],
		[6,676],
		[7,826],
		[8,976],
		[9,1125],
		[10,1275],
		[11,1425],
		[12,1575],
		[13,1725],
		[14,1875],
		[15,2025],
		[16,2175],
		[17,2325],
		[18,2475],
		[19,2625],
		[20,2775],
		[21,2925],
		[22,3075],
		[23,3225],
		[24,3375],
		[25,3525],
		[26,3675],
		[27,3825],
		[28,3975],
		[29,4125],
		[30,4275],
		[31,4425],
		[32,4511],
		[33,4531],
		[34,4551],
		[35,4570],
		[36,4590],
		[37,4610],
		[38,4630],
		[39,4650],
		[40,4670],
		[41,4690],
		[42,4710],
		[43,4729],
		[44,4749],
		[45,4769],
		[46,4789],
		[47,4809],
		[48,4829],
		[49,4849],
		[50,4868],
		[51,4888],
		[52,4908],
		[53,4928],
		[54,4948],
		[55,4968],
		[56,4988],
		[57,5008],
		[58,5027],
		[59,5047],
		[60,5067],
		[61,5087],
		[62,5107],
		[63,5127],
		[64,5147],
		[65,5166],
		[66,5186],
		[67,5206],
		[68,5226],
		[69,5246],
		[70,5266],
		[71,5286],
		[72,5305],
		[73,5325],
		[74,5345],
		[75,5365],
		[76,5385],
		[77,5405],
		[78,5425],
		[79,5445],
		[80,5464],
		[81,5484],
		[82,5504],
		[83,5524],
		[84,5544],
		[85,5564],
		[86,5584],
		[87,5603],
		[88,5623],
		[89,5643],
		[90,5663],
		[91,5683],
		[92,5703],
		[93,5723],
		[94,5743],
		[95,5762],
		[96,5782],
		[97,5802],
		[98,5822],
		[99,5842],
		[100,5862],
		[101,5882],
		[102,5901],
		[103,5921],
		[104,5941],
		[105,5961],
		[106,5981],
		[107,6001],
		[108,6021],
		[109,6040],
		[110,6060],
		[111,6080],
		[112,6100],
		[113,6120],
		[114,6140],
		[115,6160],
		[116,6180],
		[117,6199],
		[118,6219],
		[119,6239],
		[120,6259],
		[121,6279],
		[122,6299],
		[123,6319],
		[124,6338],
		[125,6358],
		[126,6378],
		[127,6398],
		[128,6418],
		[129,6438],
		[130,6458],
		[131,6478],
		[132,6497],
		[133,6517],
		[134,6537],
		[135,6557],
		[136,6577],
		[137,6597],
		[138,6617],
		[139,6636],
		[140,6656],
		[141,6676],
		[142,6696],
		[143,6716],
		[144,6736],
		[145,6756],
		[146,6775],
		[147,6795],
		[148,6815],
		[149,6835],
		[150,6877],
		[151,6940],
		[152,7001],
		[153,7063],
		[154,7124],
		[155,7186],
		[156,7247],
		[157,7309],
		[158,7370],
		[159,7432],
		[160,7493],
		[161,7555],
		[162,7616],
		[163,7678],
		[164,7739],
		[165,7801],
		[166,7862],
		[167,7924],
		[168,7985],
		[169,8047],
		[170,8108],
		[171,8170],
		[172,8231],
		[173,8292],
		[174,8354],
		[175,8415],
		[176,8477],
		[177,8538],
		[178,8600],
		[179,8661],
		[180,8723],
		[181,8784],
		[182,8846],
		[183,8907],
		[184,8969],
		[185,9030],
		[186,9092],
		[187,9153],
		[188,9215],
		[189,9276],
		[190,9338],
		[191,9399],
		[192,9461],
		[193,9522],
		[194,9583],
		[195,9645],
		[196,9706],
		[197,9768],
		[198,9829],
		[199,9891],
		[200,9952],
		[201,10014],
		[202,10075],
		[203,10137],
		[204,10198],
		[205,10260],
		[206,10321],
		[207,10383],
		[208,10444],
		[209,10506],
		[210,10567],
		[211,10629],
		[212,10690],
		[213,10752],
		[214,10813],
		[215,10874],
		[216,10936],
		[217,10997],
		[218,11059],
		[219,11120],
		[220,11182],
		[221,11243],
		[222,11305],
		[223,11366],
		[224,11428],
		[225,11489],
		[226,11551],
		[227,11612],
		[228,11674],
		[229,11735],
		[230,11797],
		[231,11858],
		[232,11920],
		[233,11981],
		[234,12043],
		[235,12104],
		[236,12165],
		[237,12227],
		[238,12288],
		[239,12350],
		[240,12411],
		[241,12473],
		[242,12534],
		[243,12596],
		[244,12657],
		[245,12719],
		[246,12780],
		[247,12842],
		[248,12903],
		[249,12965],
		[250,13026],
		[251,13088],
		[252,13149],
		[253,13211],
		[254,13272],
		[255,13303]
	]
}
