{
	"AlgoMap255BrLevel": {
		"sectionone": [0.006667,1.993],
		"sectiontwo": [0.05034,-194.6],
		"sectionthree": [0.01624632524,38.74516478],
		"sectionkeypoint": [4501,6848]
	},
	"LcmMapAlgoBrLevel": [
		[1,1],
		[2,76],
		[3,226],
		[4,376],
		[5,526],
		[6,676],
		[7,826],
		[8,976],
		[9,1125],
		[10,1275],
		[11,1425],
		[12,1575],
		[13,1725],
		[14,1875],
		[15,2025],
		[16,2175],
		[17,2325],
		[18,2475],
		[19,2625],
		[20,2775],
		[21,2925],
		[22,3075],
		[23,3225],
		[24,3375],
		[25,3525],
		[26,3675],
		[27,3825],
		[28,3975],
		[29,4125],
		[30,4275],
		[31,4425],
		[32,4511],
		[33,4531],
		[34,4551],
		[35,4570],
		[36,4590],
		[37,4610],
		[38,4630],
		[39,4650],
		[40,4670],
		[41,4690],
		[42,4710],
		[43,4729],
		[44,4749],
		[45,4769],
		[46,4789],
		[47,4809],
		[48,4829],
		[49,4849],
		[50,4868],
		[51,4888],
		[52,4908],
		[53,4928],
		[54,4948],
		[55,4968],
		[56,4988],
		[57,5008],
		[58,5027],
		[59,5047],
		[60,5067],
		[61,5087],
		[62,5107],
		[63,5127],
		[64,5147],
		[65,5166],
		[66,5186],
		[67,5206],
		[68,5226],
		[69,5246],
		[70,5266],
		[71,5286],
		[72,5305],
		[73,5325],
		[74,5345],
		[75,5365],
		[76,5385],
		[77,5405],
		[78,5425],
		[79,5445],
		[80,5464],
		[81,5484],
		[82,5504],
		[83,5524],
		[84,5544],
		[85,5564],
		[86,5584],
		[87,5603],
		[88,5623],
		[89,5643],
		[90,5663],
		[91,5683],
		[92,5703],
		[93,5723],
		[94,5743],
		[95,5762],
		[96,5782],
		[97,5802],
		[98,5822],
		[99,5842],
		[100,5862],
		[101,5882],
		[102,5901],
		[103,5921],
		[104,5941],
		[105,5961],
		[106,5981],
		[107,6001],
		[108,6021],
		[109,6040],
		[110,6060],
		[111,6080],
		[112,6100],
		[113,6120],
		[114,6140],
		[115,6160],
		[116,6180],
		[117,6199],
		[118,6219],
		[119,6239],
		[120,6259],
		[121,6279],
		[122,6299],
		[123,6319],
		[124,6338],
		[125,6358],
		[126,6378],
		[127,6398],
		[128,6418],
		[129,6438],
		[130,6458],
		[131,6478],
		[132,6497],
		[133,6517],
		[134,6537],
		[135,6557],
		[136,6577],
		[137,6597],
		[138,6617],
		[139,6636],
		[140,6656],
		[141,6676],
		[142,6696],
		[143,6716],
		[144,6736],
		[145,6756],
		[146,6775],
		[147,6795],
		[148,6815],
		[149,6835],
		[150,6877],
		[151,6940],
		[152,7002],
		[153,7063],
		[154,7125],
		[155,7186],
		[156,7248],
		[157,7309],
		[158,7371],
		[159,7432],
		[160,7494],
		[161,7556],
		[162,7617],
		[163,7679],
		[164,7740],
		[165,7802],
		[166,7863],
		[167,7925],
		[168,7986],
		[169,8048],
		[170,8110],
		[171,8171],
		[172,8233],
		[173,8294],
		[174,8356],
		[175,8417],
		[176,8479],
		[177,8540],
		[178,8602],
		[179,8664],
		[180,8725],
		[181,8787],
		[182,8848],
		[183,8910],
		[184,8971],
		[185,9033],
		[186,9094],
		[187,9156],
		[188,9217],
		[189,9279],
		[190,9341],
		[191,9402],
		[192,9464],
		[193,9525],
		[194,9587],
		[195,9648],
		[196,9710],
		[197,9771],
		[198,9833],
		[199,9895],
		[200,9956],
		[201,10018],
		[202,10079],
		[203,10141],
		[204,10202],
		[205,10264],
		[206,10325],
		[207,10387],
		[208,10449],
		[209,10510],
		[210,10572],
		[211,10633],
		[212,10695],
		[213,10756],
		[214,10818],
		[215,10879],
		[216,10941],
		[217,11003],
		[218,11064],
		[219,11126],
		[220,11187],
		[221,11249],
		[222,11310],
		[223,11372],
		[224,11433],
		[225,11495],
		[226,11556],
		[227,11618],
		[228,11680],
		[229,11741],
		[230,11803],
		[231,11864],
		[232,11926],
		[233,11987],
		[234,12049],
		[235,12110],
		[236,12172],
		[237,12234],
		[238,12295],
		[239,12357],
		[240,12418],
		[241,12480],
		[242,12541],
		[243,12603],
		[244,12664],
		[245,12726],
		[246,12788],
		[247,12849],
		[248,12911],
		[249,12972],
		[250,13034],
		[251,13095],
		[252,13157],
		[253,13218],
		[254,13280],
		[255,13311]
	]
}
