{
	"AlgoMap255BrLevel": {
		"sectionone": [0.006667,1.993],
		"sectiontwo": [0.05034,-194.6],
		"sectionthree": [0.0146484375,49.6875],
		"sectionkeypoint": [4501,6848]
	},
	"LcmMapAlgoBrLevel": [
		[1,1],
		[2,76],
		[3,226],
		[4,376],
		[5,526],
		[6,676],
		[7,826],
		[8,976],
		[9,1125],
		[10,1275],
		[11,1425],
		[12,1575],
		[13,1725],
		[14,1875],
		[15,2025],
		[16,2175],
		[17,2325],
		[18,2475],
		[19,2625],
		[20,2775],
		[21,2925],
		[22,3075],
		[23,3225],
		[24,3375],
		[25,3525],
		[26,3675],
		[27,3825],
		[28,3975],
		[29,4125],
		[30,4275],
		[31,4425],
		[32,4511],
		[33,4531],
		[34,4551],
		[35,4570],
		[36,4590],
		[37,4610],
		[38,4630],
		[39,4650],
		[40,4670],
		[41,4690],
		[42,4710],
		[43,4729],
		[44,4749],
		[45,4769],
		[46,4789],
		[47,4809],
		[48,4829],
		[49,4849],
		[50,4868],
		[51,4888],
		[52,4908],
		[53,4928],
		[54,4948],
		[55,4968],
		[56,4988],
		[57,5008],
		[58,5027],
		[59,5047],
		[60,5067],
		[61,5087],
		[62,5107],
		[63,5127],
		[64,5147],
		[65,5166],
		[66,5186],
		[67,5206],
		[68,5226],
		[69,5246],
		[70,5266],
		[71,5286],
		[72,5305],
		[73,5325],
		[74,5345],
		[75,5365],
		[76,5385],
		[77,5405],
		[78,5425],
		[79,5445],
		[80,5464],
		[81,5484],
		[82,5504],
		[83,5524],
		[84,5544],
		[85,5564],
		[86,5584],
		[87,5603],
		[88,5623],
		[89,5643],
		[90,5663],
		[91,5683],
		[92,5703],
		[93,5723],
		[94,5743],
		[95,5762],
		[96,5782],
		[97,5802],
		[98,5822],
		[99,5842],
		[100,5862],
		[101,5882],
		[102,5901],
		[103,5921],
		[104,5941],
		[105,5961],
		[106,5981],
		[107,6001],
		[108,6021],
		[109,6040],
		[110,6060],
		[111,6080],
		[112,6100],
		[113,6120],
		[114,6140],
		[115,6160],
		[116,6180],
		[117,6199],
		[118,6219],
		[119,6239],
		[120,6259],
		[121,6279],
		[122,6299],
		[123,6319],
		[124,6338],
		[125,6358],
		[126,6378],
		[127,6398],
		[128,6418],
		[129,6438],
		[130,6458],
		[131,6478],
		[132,6497],
		[133,6517],
		[134,6537],
		[135,6557],
		[136,6577],
		[137,6597],
		[138,6617],
		[139,6636],
		[140,6656],
		[141,6676],
		[142,6696],
		[143,6716],
		[144,6736],
		[145,6756],
		[146,6775],
		[147,6795],
		[148,6815],
		[149,6835],
		[150,6881],
		[151,6950],
		[152,7018],
		[153,7087],
		[154,7155],
		[155,7223],
		[156,7291],
		[157,7360],
		[158,7428],
		[159,7496],
		[160,7564],
		[161,7633],
		[162,7701],
		[163,7769],
		[164,7837],
		[165,7906],
		[166,7974],
		[167,8042],
		[168,8111],
		[169,8179],
		[170,8247],
		[171,8315],
		[172,8384],
		[173,8452],
		[174,8520],
		[175,8588],
		[176,8657],
		[177,8725],
		[178,8793],
		[179,8861],
		[180,8930],
		[181,8998],
		[182,9066],
		[183,9135],
		[184,9203],
		[185,9271],
		[186,9339],
		[187,9408],
		[188,9476],
		[189,9544],
		[190,9612],
		[191,9681],
		[192,9749],
		[193,9817],
		[194,9885],
		[195,9954],
		[196,10022],
		[197,10090],
		[198,10159],
		[199,10227],
		[200,10295],
		[201,10363],
		[202,10432],
		[203,10500],
		[204,10568],
		[205,10636],
		[206,10705],
		[207,10773],
		[208,10841],
		[209,10909],
		[210,10978],
		[211,11046],
		[212,11114],
		[213,11183],
		[214,11251],
		[215,11319],
		[216,11387],
		[217,11456],
		[218,11524],
		[219,11592],
		[220,11660],
		[221,11729],
		[222,11797],
		[223,11865],
		[224,11933],
		[225,12002],
		[226,12070],
		[227,12138],
		[228,12207],
		[229,12275],
		[230,12343],
		[231,12411],
		[232,12480],
		[233,12548],
		[234,12616],
		[235,12684],
		[236,12753],
		[237,12821],
		[238,12889],
		[239,12957],
		[240,13026],
		[241,13094],
		[242,13162],
		[243,13231],
		[244,13299],
		[245,13367],
		[246,13435],
		[247,13504],
		[248,13572],
		[249,13640],
		[250,13708],
		[251,13777],
		[252,13845],
		[253,13913],
		[254,13981],
		[255,14016]
	]
}
