{
	"AlgoMap255BrLevel": {
		"sectionone": [0.006667,1.993],
		"sectiontwo": [0.05034,-194.6],
		"sectionthree": [0.01431883267,51.94463385],
		"sectionkeypoint": [4501,6848]
	},
	"LcmMapAlgoBrLevel": [
		[1,1],
		[2,76],
		[3,226],
		[4,376],
		[5,526],
		[6,676],
		[7,826],
		[8,976],
		[9,1125],
		[10,1275],
		[11,1425],
		[12,1575],
		[13,1725],
		[14,1875],
		[15,2025],
		[16,2175],
		[17,2325],
		[18,2475],
		[19,2625],
		[20,2775],
		[21,2925],
		[22,3075],
		[23,3225],
		[24,3375],
		[25,3525],
		[26,3675],
		[27,3825],
		[28,3975],
		[29,4125],
		[30,4275],
		[31,4425],
		[32,4511],
		[33,4531],
		[34,4551],
		[35,4570],
		[36,4590],
		[37,4610],
		[38,4630],
		[39,4650],
		[40,4670],
		[41,4690],
		[42,4710],
		[43,4729],
		[44,4749],
		[45,4769],
		[46,4789],
		[47,4809],
		[48,4829],
		[49,4849],
		[50,4868],
		[51,4888],
		[52,4908],
		[53,4928],
		[54,4948],
		[55,4968],
		[56,4988],
		[57,5008],
		[58,5027],
		[59,5047],
		[60,5067],
		[61,5087],
		[62,5107],
		[63,5127],
		[64,5147],
		[65,5166],
		[66,5186],
		[67,5206],
		[68,5226],
		[69,5246],
		[70,5266],
		[71,5286],
		[72,5305],
		[73,5325],
		[74,5345],
		[75,5365],
		[76,5385],
		[77,5405],
		[78,5425],
		[79,5445],
		[80,5464],
		[81,5484],
		[82,5504],
		[83,5524],
		[84,5544],
		[85,5564],
		[86,5584],
		[87,5603],
		[88,5623],
		[89,5643],
		[90,5663],
		[91,5683],
		[92,5703],
		[93,5723],
		[94,5743],
		[95,5762],
		[96,5782],
		[97,5802],
		[98,5822],
		[99,5842],
		[100,5862],
		[101,5882],
		[102,5901],
		[103,5921],
		[104,5941],
		[105,5961],
		[106,5981],
		[107,6001],
		[108,6021],
		[109,6040],
		[110,6060],
		[111,6080],
		[112,6100],
		[113,6120],
		[114,6140],
		[115,6160],
		[116,6180],
		[117,6199],
		[118,6219],
		[119,6239],
		[120,6259],
		[121,6279],
		[122,6299],
		[123,6319],
		[124,6338],
		[125,6358],
		[126,6378],
		[127,6398],
		[128,6418],
		[129,6438],
		[130,6458],
		[131,6478],
		[132,6497],
		[133,6517],
		[134,6537],
		[135,6557],
		[136,6577],
		[137,6597],
		[138,6617],
		[139,6636],
		[140,6656],
		[141,6676],
		[142,6696],
		[143,6716],
		[144,6736],
		[145,6756],
		[146,6775],
		[147,6795],
		[148,6815],
		[149,6835],
		[150,6881],
		[151,6952],
		[152,7022],
		[153,7092],
		[154,7162],
		[155,7232],
		[156,7302],
		[157,7371],
		[158,7441],
		[159,7511],
		[160,7581],
		[161,7651],
		[162,7721],
		[163,7790],
		[164,7860],
		[165,7930],
		[166,8000],
		[167,8070],
		[168,8140],
		[169,8209],
		[170,8279],
		[171,8349],
		[172,8419],
		[173,8489],
		[174,8559],
		[175,8628],
		[176,8698],
		[177,8768],
		[178,8838],
		[179,8908],
		[180,8978],
		[181,9047],
		[182,9117],
		[183,9187],
		[184,9257],
		[185,9327],
		[186,9397],
		[187,9467],
		[188,9536],
		[189,9606],
		[190,9676],
		[191,9746],
		[192,9816],
		[193,9886],
		[194,9955],
		[195,10025],
		[196,10095],
		[197,10165],
		[198,10235],
		[199,10305],
		[200,10374],
		[201,10444],
		[202,10514],
		[203,10584],
		[204,10654],
		[205,10724],
		[206,10793],
		[207,10863],
		[208,10933],
		[209,11003],
		[210,11073],
		[211,11143],
		[212,11212],
		[213,11282],
		[214,11352],
		[215,11422],
		[216,11492],
		[217,11562],
		[218,11631],
		[219,11701],
		[220,11771],
		[221,11841],
		[222,11911],
		[223,11981],
		[224,12051],
		[225,12120],
		[226,12190],
		[227,12260],
		[228,12330],
		[229,12400],
		[230,12470],
		[231,12539],
		[232,12609],
		[233,12679],
		[234,12749],
		[235,12819],
		[236,12889],
		[237,12958],
		[238,13028],
		[239,13098],
		[240,13168],
		[241,13238],
		[242,13308],
		[243,13377],
		[244,13447],
		[245,13517],
		[246,13587],
		[247,13657],
		[248,13727],
		[249,13796],
		[250,13866],
		[251,13936],
		[252,14006],
		[253,14076],
		[254,14146],
		[255,14181]
	]
}
