{
	"AlgoMap255BrLevel": {
		"sectionone": [0.006667,1.993],
		"sectiontwo": [0.05034,-194.6],
		"sectionthree": [0.01474097992,49.05376948],
		"sectionkeypoint": [4501,6848]
	},
	"LcmMapAlgoBrLevel": [
		[1,1],
		[2,76],
		[3,226],
		[4,376],
		[5,526],
		[6,676],
		[7,826],
		[8,976],
		[9,1125],
		[10,1275],
		[11,1425],
		[12,1575],
		[13,1725],
		[14,1875],
		[15,2025],
		[16,2175],
		[17,2325],
		[18,2475],
		[19,2625],
		[20,2775],
		[21,2925],
		[22,3075],
		[23,3225],
		[24,3375],
		[25,3525],
		[26,3675],
		[27,3825],
		[28,3975],
		[29,4125],
		[30,4275],
		[31,4425],
		[32,4511],
		[33,4531],
		[34,4551],
		[35,4570],
		[36,4590],
		[37,4610],
		[38,4630],
		[39,4650],
		[40,4670],
		[41,4690],
		[42,4710],
		[43,4729],
		[44,4749],
		[45,4769],
		[46,4789],
		[47,4809],
		[48,4829],
		[49,4849],
		[50,4868],
		[51,4888],
		[52,4908],
		[53,4928],
		[54,4948],
		[55,4968],
		[56,4988],
		[57,5008],
		[58,5027],
		[59,5047],
		[60,5067],
		[61,5087],
		[62,5107],
		[63,5127],
		[64,5147],
		[65,5166],
		[66,5186],
		[67,5206],
		[68,5226],
		[69,5246],
		[70,5266],
		[71,5286],
		[72,5305],
		[73,5325],
		[74,5345],
		[75,5365],
		[76,5385],
		[77,5405],
		[78,5425],
		[79,5445],
		[80,5464],
		[81,5484],
		[82,5504],
		[83,5524],
		[84,5544],
		[85,5564],
		[86,5584],
		[87,5603],
		[88,5623],
		[89,5643],
		[90,5663],
		[91,5683],
		[92,5703],
		[93,5723],
		[94,5743],
		[95,5762],
		[96,5782],
		[97,5802],
		[98,5822],
		[99,5842],
		[100,5862],
		[101,5882],
		[102,5901],
		[103,5921],
		[104,5941],
		[105,5961],
		[106,5981],
		[107,6001],
		[108,6021],
		[109,6040],
		[110,6060],
		[111,6080],
		[112,6100],
		[113,6120],
		[114,6140],
		[115,6160],
		[116,6180],
		[117,6199],
		[118,6219],
		[119,6239],
		[120,6259],
		[121,6279],
		[122,6299],
		[123,6319],
		[124,6338],
		[125,6358],
		[126,6378],
		[127,6398],
		[128,6418],
		[129,6438],
		[130,6458],
		[131,6478],
		[132,6497],
		[133,6517],
		[134,6537],
		[135,6557],
		[136,6577],
		[137,6597],
		[138,6617],
		[139,6636],
		[140,6656],
		[141,6676],
		[142,6696],
		[143,6716],
		[144,6736],
		[145,6756],
		[146,6775],
		[147,6795],
		[148,6815],
		[149,6835],
		[150,6880],
		[151,6949],
		[152,7017],
		[153,7085],
		[154,7153],
		[155,7221],
		[156,7289],
		[157,7356],
		[158,7424],
		[159,7492],
		[160,7560],
		[161,7628],
		[162,7696],
		[163,7763],
		[164,7831],
		[165,7899],
		[166,7967],
		[167,8035],
		[168,8103],
		[169,8170],
		[170,8238],
		[171,8306],
		[172,8374],
		[173,8442],
		[174,8510],
		[175,8577],
		[176,8645],
		[177,8713],
		[178,8781],
		[179,8849],
		[180,8917],
		[181,8984],
		[182,9052],
		[183,9120],
		[184,9188],
		[185,9256],
		[186,9324],
		[187,9392],
		[188,9459],
		[189,9527],
		[190,9595],
		[191,9663],
		[192,9731],
		[193,9799],
		[194,9866],
		[195,9934],
		[196,10002],
		[197,10070],
		[198,10138],
		[199,10206],
		[200,10273],
		[201,10341],
		[202,10409],
		[203,10477],
		[204,10545],
		[205,10613],
		[206,10680],
		[207,10748],
		[208,10816],
		[209,10884],
		[210,10952],
		[211,11020],
		[212,11087],
		[213,11155],
		[214,11223],
		[215,11291],
		[216,11359],
		[217,11427],
		[218,11494],
		[219,11562],
		[220,11630],
		[221,11698],
		[222,11766],
		[223,11834],
		[224,11902],
		[225,11969],
		[226,12037],
		[227,12105],
		[228,12173],
		[229,12241],
		[230,12309],
		[231,12376],
		[232,12444],
		[233,12512],
		[234,12580],
		[235,12648],
		[236,12716],
		[237,12783],
		[238,12851],
		[239,12919],
		[240,12987],
		[241,13055],
		[242,13123],
		[243,13190],
		[244,13258],
		[245,13326],
		[246,13394],
		[247,13462],
		[248,13530],
		[249,13597],
		[250,13665],
		[251,13733],
		[252,13801],
		[253,13869],
		[254,13937],
		[255,13971]
	]
}
