{
	"AlgoMap255BrLevel": {
		"sectionone": [0.006667,1.993],
		"sectiontwo": [0.05034,-194.6],
		"sectionthree": [0.01433447099,51.83754266],
		"sectionkeypoint": [4501,6848]
	},
	"LcmMapAlgoBrLevel": [
		[1,1],
		[2,76],
		[3,226],
		[4,376],
		[5,526],
		[6,676],
		[7,826],
		[8,976],
		[9,1125],
		[10,1275],
		[11,1425],
		[12,1575],
		[13,1725],
		[14,1875],
		[15,2025],
		[16,2175],
		[17,2325],
		[18,2475],
		[19,2625],
		[20,2775],
		[21,2925],
		[22,3075],
		[23,3225],
		[24,3375],
		[25,3525],
		[26,3675],
		[27,3825],
		[28,3975],
		[29,4125],
		[30,4275],
		[31,4425],
		[32,4511],
		[33,4531],
		[34,4551],
		[35,4570],
		[36,4590],
		[37,4610],
		[38,4630],
		[39,4650],
		[40,4670],
		[41,4690],
		[42,4710],
		[43,4729],
		[44,4749],
		[45,4769],
		[46,4789],
		[47,4809],
		[48,4829],
		[49,4849],
		[50,4868],
		[51,4888],
		[52,4908],
		[53,4928],
		[54,4948],
		[55,4968],
		[56,4988],
		[57,5008],
		[58,5027],
		[59,5047],
		[60,5067],
		[61,5087],
		[62,5107],
		[63,5127],
		[64,5147],
		[65,5166],
		[66,5186],
		[67,5206],
		[68,5226],
		[69,5246],
		[70,5266],
		[71,5286],
		[72,5305],
		[73,5325],
		[74,5345],
		[75,5365],
		[76,5385],
		[77,5405],
		[78,5425],
		[79,5445],
		[80,5464],
		[81,5484],
		[82,5504],
		[83,5524],
		[84,5544],
		[85,5564],
		[86,5584],
		[87,5603],
		[88,5623],
		[89,5643],
		[90,5663],
		[91,5683],
		[92,5703],
		[93,5723],
		[94,5743],
		[95,5762],
		[96,5782],
		[97,5802],
		[98,5822],
		[99,5842],
		[100,5862],
		[101,5882],
		[102,5901],
		[103,5921],
		[104,5941],
		[105,5961],
		[106,5981],
		[107,6001],
		[108,6021],
		[109,6040],
		[110,6060],
		[111,6080],
		[112,6100],
		[113,6120],
		[114,6140],
		[115,6160],
		[116,6180],
		[117,6199],
		[118,6219],
		[119,6239],
		[120,6259],
		[121,6279],
		[122,6299],
		[123,6319],
		[124,6338],
		[125,6358],
		[126,6378],
		[127,6398],
		[128,6418],
		[129,6438],
		[130,6458],
		[131,6478],
		[132,6497],
		[133,6517],
		[134,6537],
		[135,6557],
		[136,6577],
		[137,6597],
		[138,6617],
		[139,6636],
		[140,6656],
		[141,6676],
		[142,6696],
		[143,6716],
		[144,6736],
		[145,6756],
		[146,6775],
		[147,6795],
		[148,6815],
		[149,6835],
		[150,6881],
		[151,6952],
		[152,7022],
		[153,7092],
		[154,7162],
		[155,7231],
		[156,7301],
		[157,7371],
		[158,7441],
		[159,7510],
		[160,7580],
		[161,7650],
		[162,7720],
		[163,7789],
		[164,7859],
		[165,7929],
		[166,7999],
		[167,8068],
		[168,8138],
		[169,8208],
		[170,8278],
		[171,8348],
		[172,8417],
		[173,8487],
		[174,8557],
		[175,8627],
		[176,8696],
		[177,8766],
		[178,8836],
		[179,8906],
		[180,8975],
		[181,9045],
		[182,9115],
		[183,9185],
		[184,9254],
		[185,9324],
		[186,9394],
		[187,9464],
		[188,9533],
		[189,9603],
		[190,9673],
		[191,9743],
		[192,9813],
		[193,9882],
		[194,9952],
		[195,10022],
		[196,10092],
		[197,10161],
		[198,10231],
		[199,10301],
		[200,10371],
		[201,10440],
		[202,10510],
		[203,10580],
		[204,10650],
		[205,10719],
		[206,10789],
		[207,10859],
		[208,10929],
		[209,10998],
		[210,11068],
		[211,11138],
		[212,11208],
		[213,11278],
		[214,11347],
		[215,11417],
		[216,11487],
		[217,11557],
		[218,11626],
		[219,11696],
		[220,11766],
		[221,11836],
		[222,11905],
		[223,11975],
		[224,12045],
		[225,12115],
		[226,12184],
		[227,12254],
		[228,12324],
		[229,12394],
		[230,12463],
		[231,12533],
		[232,12603],
		[233,12673],
		[234,12743],
		[235,12812],
		[236,12882],
		[237,12952],
		[238,13022],
		[239,13091],
		[240,13161],
		[241,13231],
		[242,13301],
		[243,13370],
		[244,13440],
		[245,13510],
		[246,13580],
		[247,13649],
		[248,13719],
		[249,13789],
		[250,13859],
		[251,13928],
		[252,13998],
		[253,14068],
		[254,14138],
		[255,14173]
	]
}
