{
	"AlgoMap255BrLevel": {
		"sectionone": [0.006667,1.993],
		"sectiontwo": [0.05034,-194.6],
		"sectionthree": [0.01424501425,52.45014245],
		"sectionkeypoint": [4501,6848]
	},
	"LcmMapAlgoBrLevel": [
		[1,1],
		[2,76],
		[3,226],
		[4,376],
		[5,526],
		[6,676],
		[7,826],
		[8,976],
		[9,1125],
		[10,1275],
		[11,1425],
		[12,1575],
		[13,1725],
		[14,1875],
		[15,2025],
		[16,2175],
		[17,2325],
		[18,2475],
		[19,2625],
		[20,2775],
		[21,2925],
		[22,3075],
		[23,3225],
		[24,3375],
		[25,3525],
		[26,3675],
		[27,3825],
		[28,3975],
		[29,4125],
		[30,4275],
		[31,4425],
		[32,4511],
		[33,4531],
		[34,4551],
		[35,4570],
		[36,4590],
		[37,4610],
		[38,4630],
		[39,4650],
		[40,4670],
		[41,4690],
		[42,4710],
		[43,4729],
		[44,4749],
		[45,4769],
		[46,4789],
		[47,4809],
		[48,4829],
		[49,4849],
		[50,4868],
		[51,4888],
		[52,4908],
		[53,4928],
		[54,4948],
		[55,4968],
		[56,4988],
		[57,5008],
		[58,5027],
		[59,5047],
		[60,5067],
		[61,5087],
		[62,5107],
		[63,5127],
		[64,5147],
		[65,5166],
		[66,5186],
		[67,5206],
		[68,5226],
		[69,5246],
		[70,5266],
		[71,5286],
		[72,5305],
		[73,5325],
		[74,5345],
		[75,5365],
		[76,5385],
		[77,5405],
		[78,5425],
		[79,5445],
		[80,5464],
		[81,5484],
		[82,5504],
		[83,5524],
		[84,5544],
		[85,5564],
		[86,5584],
		[87,5603],
		[88,5623],
		[89,5643],
		[90,5663],
		[91,5683],
		[92,5703],
		[93,5723],
		[94,5743],
		[95,5762],
		[96,5782],
		[97,5802],
		[98,5822],
		[99,5842],
		[100,5862],
		[101,5882],
		[102,5901],
		[103,5921],
		[104,5941],
		[105,5961],
		[106,5981],
		[107,6001],
		[108,6021],
		[109,6040],
		[110,6060],
		[111,6080],
		[112,6100],
		[113,6120],
		[114,6140],
		[115,6160],
		[116,6180],
		[117,6199],
		[118,6219],
		[119,6239],
		[120,6259],
		[121,6279],
		[122,6299],
		[123,6319],
		[124,6338],
		[125,6358],
		[126,6378],
		[127,6398],
		[128,6418],
		[129,6438],
		[130,6458],
		[131,6478],
		[132,6497],
		[133,6517],
		[134,6537],
		[135,6557],
		[136,6577],
		[137,6597],
		[138,6617],
		[139,6636],
		[140,6656],
		[141,6676],
		[142,6696],
		[143,6716],
		[144,6736],
		[145,6756],
		[146,6775],
		[147,6795],
		[148,6815],
		[149,6835],
		[150,6882],
		[151,6953],
		[152,7023],
		[153,7093],
		[154,7163],
		[155,7234],
		[156,7304],
		[157,7374],
		[158,7444],
		[159,7514],
		[160,7585],
		[161,7655],
		[162,7725],
		[163,7795],
		[164,7865],
		[165,7936],
		[166,8006],
		[167,8076],
		[168,8146],
		[169,8216],
		[170,8287],
		[171,8357],
		[172,8427],
		[173,8497],
		[174,8567],
		[175,8638],
		[176,8708],
		[177,8778],
		[178,8848],
		[179,8918],
		[180,8989],
		[181,9059],
		[182,9129],
		[183,9199],
		[184,9269],
		[185,9340],
		[186,9410],
		[187,9480],
		[188,9550],
		[189,9620],
		[190,9691],
		[191,9761],
		[192,9831],
		[193,9901],
		[194,9971],
		[195,10042],
		[196,10112],
		[197,10182],
		[198,10252],
		[199,10322],
		[200,10393],
		[201,10463],
		[202,10533],
		[203,10603],
		[204,10673],
		[205,10744],
		[206,10814],
		[207,10884],
		[208,10954],
		[209,11024],
		[210,11095],
		[211,11165],
		[212,11235],
		[213,11305],
		[214,11375],
		[215,11446],
		[216,11516],
		[217,11586],
		[218,11656],
		[219,11726],
		[220,11797],
		[221,11867],
		[222,11937],
		[223,12007],
		[224,12077],
		[225,12148],
		[226,12218],
		[227,12288],
		[228,12358],
		[229,12428],
		[230,12499],
		[231,12569],
		[232,12639],
		[233,12709],
		[234,12779],
		[235,12850],
		[236,12920],
		[237,12990],
		[238,13060],
		[239,13130],
		[240,13201],
		[241,13271],
		[242,13341],
		[243,13411],
		[244,13481],
		[245,13552],
		[246,13622],
		[247,13692],
		[248,13762],
		[249,13832],
		[250,13903],
		[251,13973],
		[252,14043],
		[253,14113],
		[254,14183],
		[255,14219]
	]
}
