{
	"ramperbrightness": {
		"sectiondown": [
			[-3.061538462,8097.969231],
			[-3.721088435,9362.326531],
			[-5.111570248,11823.47934],
			[-8.28440367,16671.56881],
			[-11.79856115,20125.98561],
			[-13.81818182,21830.54545],
			[-16.61206897,23911.99138],
			[-19.328125,25305.32813],
			[-21.4375,26252.4375],
			[-26.68644068,28441.24576],
			[-38.14130435,31866.25],
			[-53.96428571,35141.60714],
			[-71.22222222,37747.55556],
			[-91.07692308,40209.53846],
			[-118.9333333,42939.46667],
			[-181.0454545,47163.09091],
			[-282.875,51847.25],
			[-514.6666667,58801],
			[-1045.875,68362.75]
		],
		"section_downpoint":     [1917,1770,1528,983,844,745,513,449,417,299,207,151,124,98,68,46,30,18,10],
		"section_down_min_step": [20, 17, 12, 8, 6, 5, 4, 4, 3, 3, 2, 2, 2, 2, 2, 2, 2, 2, 2],
		"sectiondowngapminone": 20,
		"sectiondowngapmintwo": 80,
		"sectiondownkeybr": 417,
		"downlcmFlickValue": 2,
		"uptotaltime": 2800,
		"uplimmitcount": 25,
		"section_uppoint": [405,1233],
		"quickupstep": [28,81,77],
		"quickupgap": [20,0,0],
		"quickdownstep": [4,12,12,64],
		"quickdowngap": [40,40,30,20],
		"quick_sectionpoint": [937,526,245,10],
		"pemtotaltime": 10000
	}
}
